图书名称,作者,出版社,出版时间,价格
基层女性（“玲玲Peter和四只猫”作品，探讨关于爱、金钱与精神世...,王慧玲,磨铁文化,王慧玲著；磨铁文化出品,¥29.80
保重（大冰小蓝书系列收官之作！就此别过，诸君保重。）,大冰,磨铁文化,大冰著，磨铁文化出品,¥24.00
漫画讲透黄帝内经 十二时辰养生智慧 二十四节气养生智慧 中医八大...,张嘉铭,王婧,张嘉铭，王婧,¥13.80
毛泽东选集（全四册，32开）,毛泽东,未知,毛泽东著,¥56.70
基层女性生存指北 基层女性作者新作 随书附赠作者原创手绘作品,王慧玲,磨铁文化,王慧玲著，磨铁文化出品,¥34.80
我与地坛（纪念版）（2024年百班千人寒假书单 九年级推荐阅读）,史铁生,未知,史铁生,¥16.00
红岩 八年级上册阅读名著正版原著罗广斌杨益言著爱国主义红色经典...,罗广斌,杨益言,"罗广斌,杨益言著",¥38.40
悉达多（心动的信号7彭高翁青雅同款，翻译家姜乙译本）【果麦经典...,赫尔曼・黑塞,姜乙,[德]赫尔曼・黑塞，译者：姜乙，果麦文化出品,¥13.50
小狗疑心大宇宙阴谋篡夺它的位置（泰戈尔童心诗选，我们这一生注...,泰戈尔,郑振铎,[印]泰戈尔著；郑振铎白开元译注；红花HONGHUA绘,¥29.90
被讨厌的勇气,岸��一郎,古�R史健,"岸��一郎,古�R史健",¥29.80
波西和皮普11册超值套装赠同款精美贴纸名字贴(小小聪明豆系列绘本...,阿克塞尔・舍夫勒,未知,（德）阿克塞尔・舍夫勒,¥75.40
病隙碎笔（光影纪念版，书内彩插作者亲摄照片12幅）史铁生充满灵...,史铁生,博集天卷,"史铁生著,博集天卷出品",¥21.60
如果历史是一群喵14・明末清初篇,肥志,漫友文化出品,肥志编绘，漫友文化出品,¥26.20
女人的胜利 余华现实主义代表作 余华写出轨！太真实太犀利了！荒...,余华,读客文化,余华;读客文化出品,¥35.80
【印签版】一句顶一万句（刘震云作品，一本让“中国脱口秀扛把子...,刘震云,长江新世纪,刘震云，长江新世纪出品,¥29.30
我胆小如鼠 新版上市 余华特别增订5千字成长经验访谈 我曾是敏感...,余华,读客文化,余华;读客文化出品,¥35.80
窄门（诺贝尔文学奖经典 读完《窄门》便读懂了纪德的一生 法文直...,安德烈・纪德,顾琪静,[法]安德烈・纪德，译者顾琪静，果麦文化出品,¥18.90
跟着诗词去旅行 少年游学地理百科,日知图书,未知,日知图书编著,¥9.90
活着（余华代表作，精装，易烊千玺推荐阅读）,余华,新经典,余华著 ，新经典出品,¥31.00
2024年诺贝尔文学奖得主韩江作品：素食者（亚洲首位布克国际文学...,韩江,胡椒筒,(韩)韩江著 ;胡椒筒译，磨铁文化出品,¥36.40
三体(3册)： 刘慈欣代表作，亚洲“雨果奖”获奖作品！中国科幻基...,刘慈欣,未知,刘慈欣,¥39.10
蛤蟆先生去看心理医生（热销300万册！英国经典心理咨询入门书，知...,罗伯特・戴博德,果麦文化,罗伯特・戴博德，果麦文化出品,¥22.80
啊2.0（大冰作品！狂销100万册！新增10万字并包含旧书全文。）,大冰,磨铁图书,大冰著，磨铁图书出品,¥24.00
国家为什么会失败  中美贸易战【2024诺贝尔经济学奖获奖者作品】,德隆・阿西莫格鲁,詹姆斯・A・罗宾逊,【美】德隆・阿西莫格鲁、【美】詹姆斯・A・罗宾逊,¥49.00
强者破局：资治通鉴成事之道（《资治通鉴》管理智慧*冯唐成事学，...,冯唐,未知,冯唐,¥51.80
额尔古纳河右岸（茅盾文学奖获奖作品全集28）,迟子建,未知,迟子建,¥15.40
乖，摸摸头2.0（大冰作品！升级版乖，摸摸头2.0！热销500万册！）...,大冰,磨铁文化,大冰著，磨铁文化出品,¥24.00
十日终焉1囚笼,杀虫队队员,风炫文化,杀虫队队员，风炫文化出品,¥29.80
妈妈买绿豆（3-8岁） 信谊幼儿文学奖,曾阳晴,万华国,曾阳晴著，万华国绘,¥17.90
少年读史记（套装全5册）,张嘉骅,未知,张嘉骅,¥39.00
如果历史是一群喵11・南宋金元篇,肥志,漫友文化出品,肥志编绘，漫友文化出品,¥29.90
空腹力（医学博士教你锻炼“空腹力”，让身体脱胎换骨！）,石原结实,快读慢活,石原结实著快读慢活出品,¥22.33
大中华寻宝系列31 吉林寻宝记,京鼎动漫,未知,京鼎动漫,¥26.00
人一生要去的100个地方 少年游学地理百科,日知图书,未知,日知图书编著,¥9.90
治大国若烹小鲜：基层治理与世道人心,吕德文,未知,吕德文,¥26.60
十日终焉2迷城,杀虫队队员,风炫文化,杀虫队队员，风炫文化出品,¥29.80
你当像鸟飞往你的山（中文版销量超200万册，比尔・盖茨年度特别推...,塔拉,韦斯特弗,塔拉・韦斯特弗著 ，新经典出品,¥34.80
杀死一只知更鸟（豆瓣9.3，关于勇气与正义的成长教科书，影响全球...,哈珀・李,李育超,哈珀・李著李育超译,¥53.40
故乡（新版）鲁迅原著正版 六年级课外阅读书籍小学生3-4-6年级鲁...,鲁迅,未知,鲁迅,¥9.70
小孩（大冰老师经典畅销书！同系列小蓝书作品《保重》《乖，摸摸...,大冰,博集天卷,"大冰著,博集天卷出品",¥19.80
十日终焉3不息,杀虫队队员,风炫文化,杀虫队队员，风炫文化出品,¥31.50
狂人日记：鲁迅小说全集（1938年复社底本，中国白话小说开山之作...,鲁迅,创美工厂,鲁迅，创美工厂出品,¥15.50
恐龙闯进磨磨蹭蹭镇（送给有拖延症的你，帮你改掉磨磨蹭蹭的坏习...,迟慧,未知,迟慧,¥10.00
长安的荔枝,马伯庸,博集天卷,"马伯庸著,博集天卷出品",¥29.00
生死疲劳 不看不知道，莫言真幽默！全新版本！余华推荐！,莫言,读客文化,莫言；读客文化出品,¥45.40
我的阿勒泰（马伊�P、周依然、于适、蒋奇明主演的同名电视剧）新...,李娟,未知,李娟,¥27.00
一间只属于自己的房间（热播剧《我的阿勒泰》经典台词，女性主义...,弗吉尼亚・伍尔夫,果麦文化,[英]弗吉尼亚・伍尔夫，果麦文化出品,¥19.90
北京法源寺（大师珍藏版） 李敖代表作之一,李敖,未知,李敖,¥19.90
课本里的漫画知识清单小四门4册新版小学生物理化学地理生物启蒙书...,冰河插画,未知,冰河插画编绘,¥12.00
十日终焉4乐园,杀虫队队员,风炫文化,杀虫队队员，风炫文化出品,¥38.50
中国文化常识1000问中华文明演进发展过程中国传统文化知识精华手...,开心文化研究中心,未知,开心文化研究中心编,¥39.80
如果历史是一群喵5-乱世三国篇,肥志,漫友文化,肥志著漫友文化出品,¥29.90
克林索尔的最后夏天（诺贝尔文学奖得主黑塞自传式作品。）【果麦...,赫尔曼・黑塞,易海舟,[德]赫尔曼・黑塞， 译者：易海舟，果麦文化出品,¥16.80
中国历代政治得失（赠三万余字导读手册，当当加赠超大张思维导图...,钱穆,博集天卷,"钱穆著,博集天卷出品",¥18.00
如果历史是一群喵7・隋唐风云篇,肥志,漫友文化,肥志著漫友文化出品,¥29.90
猜猜我有多爱你（3-8岁）信谊世界精选图画书,山姆・麦克布雷尼,安妮塔・婕朗,[英]山姆・麦克布雷尼著，[英]安妮塔・婕朗绘，梅子涵译,¥21.90
埃隆・马斯克：放眼未来，无所畏惧（特斯拉之父 埃隆马斯克传）,克里斯・麦克纳布,未知,克里斯・麦克纳布,¥29.80
听风八百遍，才知是人间（史铁生、汪曾祺、梁实秋、丰子恺、沈从...,史铁生,未知,史铁生等,¥22.50
抱抱（0-3岁） 信谊世界精选图画书,作绘者,杰兹・阿波罗,作绘者：[英]杰兹・阿波罗,¥19.70
米小圈上学记二年级（套装共4册）,北猫,未知,北猫,¥50.00
我有友情要出租（拼音版）,方素珍,郝洛玟,方素珍著郝洛玟绘,¥9.90
正面管教修订版,简・尼尔森,未知,[美]简・尼尔森,¥17.80
五味太郎：小金鱼逃走了,五味太郎,爱心树童书,五味太郎著，爱心树童书出品,¥20.60
认知觉醒：开启自我改变的原动力,周岭,未知,周岭,¥27.00
十八岁出门远行（严重精神内耗，一定要读十八岁！余华成名作！看...,余华,读客文化,余华；读客文化出品,¥29.20
如果历史是一群喵13・大明皇朝篇,肥志,漫友文化出品,肥志编绘，漫友文化出品,¥28.20
你也走了很远的路吧（新增2万余字，4篇文章，关于特殊时期成长的...,卢思浩,博集天卷,"卢思浩著,博集天卷出品",¥22.50
人生没什么不可放下：弘一法师的人生智慧（弘一法师彻悟一生的人...,宋默,文通天下,宋默著，文通天下出品,¥7.11
神奇的答案之书（2024全新修订版，足足784页）畅销92个月的神奇之...,梅森,知书达礼,梅森知书达礼出品,¥13.65
我的情绪小怪兽（3-8岁） 信谊世界精选图画书,安娜・耶纳斯,未知,[西班牙]安娜・耶纳斯,¥21.50
中国寓言里的思辨课（寓言来了！全4册。在具体历史背景中真正读懂...,歪歪兔童书馆,未知,歪歪兔童书馆著绘,¥59.00
可爱过敏原（人气作家稚楚温馨之作，随书附赠乐乐小贴纸+DIY生活...,稚楚,博集天卷,"稚楚著,博集天卷出品",¥26.40
100个圣诞老人+大个子圣诞老人和小个子圣诞老人,谷口智则,未知,谷口智则,¥38.00
晚熟的人（莫言新书）,莫言,未知,莫言,¥26.60
月亮与六便士（165万+读者罕见高分推荐版！好评率高达99%！连续8...,毛姆,作家榜经典名,[英]毛姆著，作家榜经典名著 出品，徐淳刚（诗人） 译，大星文化，高更绘,¥19.90
波西和皮普7册经典套装(小小聪明豆系列绘本)0-4岁低幼启蒙情绪管...,阿克塞尔・舍夫勒,未知,绘,¥40.50
可爱过敏原：完结篇（人气作家稚楚温馨之作。随书附赠多重主题赠...,稚楚,博集天卷,"稚楚著,博集天卷出品",¥26.40
果麦经典：了凡四训（“我命由我不由天！”曾国藩、胡适、稻盛和...,袁了凡,费勇,袁了凡著，译者费勇，果麦文化出品,¥16.00
米小圈脑筋急转弯（第一辑）（套装共4册）,北猫,未知,北猫,¥32.00
尼尔斯骑鹅旅行记 快乐读书吧 六年级下册推荐阅读(中小学生课外阅...,拉格洛夫,未知,（瑞典）拉格洛夫,¥6.10
新版・长青藤国际大奖小说书系・第6辑：十二岁的旅程,赖清河,未知,(美)赖清河,¥14.90
我们生活在巨大的差距里（余华十年杂文集）,余华,未知,余华作品,¥17.50
父与子全集（全4册 彩图注音版）【德国幽默大师埃・奥・卜劳恩】...,落落,未知,落落,¥24.80
青少年趣味百科-漫画趣味物理化学启蒙书（平装）,孙静,未知,孙静编,¥19.80
躲在蚊子后面的大象（拯救讨好型人格，知名学者陈嘉映强烈推荐）,恩斯特弗里德・哈尼希,爱娃・温德勒,[德]恩斯特弗里德・哈尼希，[德]爱娃・温德勒，爱娃・温德勒著，磨铁文化出品,¥29.90
国之脊梁――中国院士的科学人生百年,中国科学院学部,科学人生・百年,中国科学院学部“科学人生・百年”项目组,¥39.00
可爱过敏原：全2册（人气作家稚楚温馨之作。随书附赠多重主题赠品...,稚楚,博集天卷,"稚楚著,博集天卷出品",¥52.80
大中华寻宝记系列 30 山西寻宝记,京鼎动漫,未知,京鼎动漫,¥26.00
父与子全集 彩图注音版 全4册 德国漫画大师传世之做 亲子阅读 快...,埃・奥・卜劳恩,未知,(德)埃・奥・卜劳恩著,¥11.40
置身事内：中国政府与经济发展（文津图书奖、新京报年度通识写作...,兰小欢,未知,兰小欢著,¥31.50
如果历史是一群喵8・盛世大唐篇,肥志,漫友文化出品,肥志编绘；漫友文化出品,¥29.90
明朝那些事儿增补版.全集,当年明月,磨铁文化,当年明月著，磨铁文化出品,¥243.00
如果历史是一群喵12・元末明初篇,肥志,漫友文化出品,肥志编绘，漫友文化出品,¥32.00
史铁生：总有路在等你（中国文坛名家的人生悲喜书，重要的不是终...,史铁生,博集天卷,"史铁生等 著,博集天卷出品",¥20.90
中国国家地理精华 图说天下 国家地理,图说天下.国家地理,未知,<图说天下.国家地理系列>编委会,¥8.30
我与地坛（精装插图珍藏版2020）,史铁生,博集天卷,"史铁生著,博集天卷出品",¥25.20
厌女（增订本）（上野千鹤子经典代表作！女性主义者就是意识到厌...,上野千鹤子,读客文化,[日]上野千鹤子；读客文化出品,¥33.00
外婆,伍剑,未知,伍剑,¥8.40
阿勒泰的角落(《我的阿勒泰》姊妹篇，毛不易、于适推荐。李娟成名...,李娟,新经典,李娟著 ，新经典出品,¥40.70
如果历史是一群喵1-14（套装共14册）,肥志,漫友文化出品,肥志编绘，漫友文化出品,¥387.60
正念的奇迹：获得身心的安详和悦乐,一行禅师,未知,一行禅师,¥32.90
小升初满分作文一本全 名师解析点评 名师点读,刘晔,未知,刘晔主编,¥9.90
命运：文在寅自传（韩国总统中文版官方授权）,文在寅,凤凰联动,文在寅著，凤凰联动出品,¥24.40
道德经（中华经典名著全本全注全译-三全本）,张景,张松辉,张景，张松辉译注,¥14.40
埃隆・马斯克传 埃隆马斯克亲自参与并公开推荐 《史蒂夫・乔布斯...,沃尔特・艾萨克森,未知,沃尔特・艾萨克森,¥79.00
河清海晏 （  知乎24W高赞、15000+评论热议、200万读者含泪力荐！...,橘子不酸,嘉树文化,橘子不酸著；嘉树文化出品,¥16.70
小城与不确定性的墙 村上春树新书 时隔六年全新长篇小说 著名译者...,村上春树,施小炜,[日]村上春树著；施小炜译；读客文化出品,¥49.90
杨绛传：永不褪色的优雅（精装版 附赠书签）,吴玲,未知,吴玲,¥14.80
读读童谣和儿歌（共四册）一年级下册 语文教科书配套书目 人教版...,曹文轩,陈先云,曹文轩陈先云主编,¥23.90
我爸爸我妈妈全2册――清华附小推荐经典儿童绘本,安东尼・布朗,启发童书馆,〔英〕安东尼・布朗著，启发童书馆出品,¥41.30
亮丽精美触摸书：小兔比利 0-3岁幼儿早教启蒙感官认知触感翻翻书,莫里斯・普莱格尔,荣信文化,编译,¥29.00
你好，安东医生（全4册，平装套装，缓解就医恐惧，小动物的欢乐就...,西村敏雄,未知,[日]西村敏雄著,¥59.00
米小圈上学记一年级（套装共4册）,北猫,未知,北猫,¥50.00
见春天（新增番外《见答案》！总收藏量超35万、点击量破千万！晋...,纵虎嗅花,未知,纵虎嗅花著,¥24.90
人生不怕从头再来,刘晓庆,未知,刘晓庆,¥16.70
快乐就是哈哈哈哈哈,梁实秋,时代华语,梁实秋著时代华语出品,¥9.90
人鱼陷落全四册（畅销书作者麟潜口碑代表作！）,麟潜,博集天卷,"麟潜著,博集天卷出品",¥105.60
我从未如此眷恋人间：周深“终于开始学会眷恋这人间”史铁生、季...,史铁生,汪曾祺,史铁生汪曾祺等 著，文通天下出品,¥9.90
博弈论（精装版）：11位诺贝尔奖得主推荐！收益一生的思维方式与...,约翰・冯・诺依曼,未知,（美）约翰・冯・诺依曼,¥15.00
小狗钱钱（套装2册）（附赠免费亲子财商课+理财秘籍思维导图）,博多・舍费尔,未知,博多・舍费尔,¥39.80
有钱花（女性财富觉醒之书！愿你拥有赚钱的能力，管钱的智慧，花...,李筱懿,果麦文化,李筱懿，果麦文化出品,¥24.50
如果历史是一群喵4-东汉末年篇,肥志,漫友文化,肥志著漫友文化出品,¥29.90
"父与子全集（拼音版）亲子同读,全彩注音配文升级阅读,大厚本全书...",埃・奥・卜劳恩,凤凰含章出品,[德]埃・奥・卜劳恩凤凰含章出品,¥8.60
在峡江的转弯处：陈行甲人生笔记？（当当专享签章版，南方周末、...,陈行甲,未知,陈行甲,¥24.00
罗尔德・达尔作品典藏（彩图拼音版）―了不起的狐狸爸爸,罗尔德・达尔,昆汀・布莱克,(英)罗尔德・达尔著； (英)昆汀・布莱克绘；代维译。,¥12.60
幸福小鸡系列（6册。工藤纪子代表作。萌萌的小鸡五胞胎、趣味横生...,工藤纪子,彭懿,[日]工藤纪子著彭懿译,¥70.50
神笔马良 二年级下册 语文教科书配套书目 人教版快乐读书吧,曹文轩,陈先云,曹文轩陈先云主编,¥9.60
如果历史是一群喵3・秦楚两汉篇,肥志,漫友文化出品,肥志编绘，漫友文化出品,¥29.90
崔玉涛育儿百科 百万册纪念版,崔玉涛,未知,崔玉涛,¥80.10
第七天（2024年百班千人寒假书单 九年级推荐阅读）（2022版，余华...,余华,新经典,余华著，新经典出品,¥33.80
愿望的实现 全彩注音 小学二年级下册 快乐读书吧 推荐阅读（有声...,泰戈尔,未知,泰戈尔（印度）,¥8.50
悉达多（诺贝尔文学奖得主赫尔曼・黑塞的代表作，一部关于人生信...,赫尔曼・黑塞,周苇,"【德】赫尔曼・黑塞著,周苇译;",¥21.00
苏东坡传（林语堂纪念典藏精装版）,林语堂,博集天卷,"林语堂著,博集天卷出品",¥26.00
华杉讲透孙子兵法（《狂飙》高启强的人生之书！这回终于读懂孙子...,华杉,读客文化,华杉；读客文化出品,¥34.90
二次成长（新版）戳穿“混得不好”的人生真相。我们90%的问题都与...,未知,未知,,¥19.90
傲慢与偏见 世界名著典藏,奥斯丁,罗良功,（英）奥斯丁著，罗良功译万亭文化出品,¥6.00
我的前半生：末代皇帝爱新觉罗・溥仪自传，随书附赠《清朝皇帝世...,爱新觉罗・溥仪,未知,爱新觉罗・溥仪著,¥28.00
真希望我父母读过这本书（二十年资历心理治疗师写给父母和孩子的...,菲莉帕・佩里,Philippa,菲莉帕・佩里（PhilippaPerry）,¥20.00
中国最美的100个地方 图说天下 国家地理,图书天下・国家地理,未知,《图书天下・国家地理系列》编委会,¥7.20
大中华寻宝系列29 内蒙古寻宝记,京鼎动漫,未知,京鼎动漫,¥21.90
追风筝的人（李雪琴、高圆圆推荐）,卡勒德・胡赛尼,Khaled,[美]卡勒德・胡赛尼（KhaledHosseini） 著，李继宏译,¥19.70
我们的身体 儿童3D立体科普绘本3-6岁人体早教认知百科生理科普启...,艾德兰,巴尔博里尼,[法]艾德兰文，[法]巴尔博里尼绘，乐乐趣出品,¥62.00
平凡的世界：全三册（全新2021版，茅盾文学奖获奖作品，激励青年...,路遥,新经典,路遥著 ，新经典出品,¥98.00
心灵教科书绘本系列：西兰花先生的理发店（教会孩子：敢于打破常...,福田纯子,丁虹,译,¥24.00
古汉语常用字字典（第6版）,蒋绍愚,未知,蒋绍愚,¥39.00
半小时漫画中国史大全集（0-5）（中国史大全集！其实是一套严谨的...,陈磊・半小时漫画团队,读客文化,陈磊・半小时漫画团队；读客文化出品,¥134.70
瓦尔登湖（央视朗读者朗读书目，梁文道、清华大学校长邱勇推荐。...,亨利・戴维・梭罗,李继宏,亨利・戴维・梭罗，译者李继宏，果麦文化出品,¥21.00
米小圈上学记四年级（套装共4册）,北猫,未知,北猫,¥50.00
费曼学习法（用输出倒逼输入）,尹红心,李伟,尹红心李伟著时代华语出品,¥18.00
昆虫记 小学生课外阅读丛书,长江出版社,未知,长江出版社,¥8.00
夏洛的网(2020版）（三年级阅读经典书目）,怀特,任溶溶,（美）怀特著，任溶溶译,¥25.50
真希望你也喜欢自己（销量超过140万册！房琪shou部图书作品，写给...,房琪kiki,磨铁文化,房琪kiki著，磨铁文化出品,¥37.30
地藏菩萨本愿经（简体、横排、注音、国学经典诵读本）,中华文化讲堂,未知,中华文化讲堂,¥10.30
乡土中国 高中“读整本书”推荐阅读 费孝通著作（名著阅读课程化...,费孝通,未知,费孝通,¥17.10
明朝那些事儿增补版.第1部（2021版）（当当专供）,当年明月,磨铁文化,当年明月著，磨铁文化出品,¥27.00
走遍中国 图说天下 国家地理,图说天下・国家地理,未知,《图说天下・国家地理系列》编委会,¥8.30
尼尔斯骑鹅旅行记历险记彩绘注音版 6-12岁小学生课外阅读书籍 一...,长江出版社,未知,长江出版社,¥9.90
水先生的奇妙之旅科学图画书系（全8册）,奥古斯汀,特拉尼,奥古斯汀.特拉尼著,¥38.40
迷宫（全4册）初级篇 彩图大字版 专注力逻辑思维训练,郑丽萍,未知,郑丽萍,¥9.90
摄影轻松入门一本就够（全彩）,先锋影像,未知,先锋影像,¥29.70
善平爷爷的草莓国际获奖绘本花园儿童图画故事书幼儿园宝宝亲子阅...,松冈,末崎茂树,【日】松冈节   著；【日】末崎茂树绘,¥7.50
和大人一起读（一至四册）一年级上册 语文教科书配套书目 人教版...,曹文轩,陈先云,曹文轩、陈先云主编,¥17.20
臣服实验（当当专享赠送设计师排版中英金句小册子）,迈克・A,辛格,（美）迈克・A.辛格(MichaelA.Singer) 著，易灵运译,¥29.50
2024中华人民共和国刑法（实用版）（第十版）根据刑法修正案（十...,中国法制出版社,未知,中国法制出版社,¥10.50
米小圈脑筋急转弯（第二辑）(套装共4册）,北猫,未知,北猫,¥32.00
世界上最棒的礼物――图画中隐藏无数细节，让小小孩玩过瘾！,赖马,启发童书馆,图：赖马，启发童书馆出品,¥23.80
100个圣诞老人,谷口智则,未知,谷口智则,¥19.00
人生海海（麦家经典代表作，莫言、罗翔盛赞，入选《人民日报》书...,麦家,新经典,麦家著 ，新经典出品,¥34.50
大中华寻宝系列2 北京寻宝记,京鼎动漫,未知,京鼎动漫,¥21.90
强势 赫为强哥真诚力作 一个普通人如何朝命运要答案,邓富强,未知,邓富强,¥39.80
带壳的牡蛎是大人的心脏（当当专享签章版+作者亲绘贴纸。央视新闻...,拟泥nini,时代华语,拟泥nini著绘时代华语出品,¥40.80
米小圈上学记三年级（套装共4册）,北猫,未知,北猫,¥50.00
七色花 二年级下册 语文教科书配套书目 人教版快乐读书吧,曹文轩,陈先云,曹文轩陈先云主编,¥9.60
南京大屠杀:第二次世界大战中被遗忘的大浩劫（《南京浩劫：被遗忘...,张纯如,Iris,【美】张纯如（IrisChang）,¥29.40
如果历史是一群喵6-魏晋南北篇,肥志,漫友文化,肥志著漫友文化出品,¥29.90
新版・长青藤国际大奖小说书系・第6辑：想赢的男孩,杰里・斯皮内利,麦倩宜,【美】杰里・斯皮内利著麦倩宜译,¥9.20
学生课外阅读丛书 小鹿斑比 6-12岁小学生课外读物 国际获奖小说一...,长江出版社,未知,长江出版社,¥9.90
西游记原著版（上、下册）（团购电话:400-1066666转6）,吴承恩,未知,吴承恩,¥23.60
对财富说是,奥南朵,未知,[澳]奥南朵,¥24.00
小羊上山儿童汉语分级读物第1级 幼小衔接学会自主识字阅读 幼儿启...,孙蓓,童趣出版有限公司,孙蓓主编童趣出版有限公司编,¥79.00
知行合一王阳明（百万读者的心学入门书！深入解读知行合一及其创...,度阴山,读客文化,度阴山；读客文化出品,¥24.90
如果历史是一群喵1・夏商西周篇,肥志,漫友文化出品,肥志编绘，漫友文化出品,¥29.90
允许一切发生：过不紧绷松弛的人生（莫言、演员吴越、海灵格倡导...,李梦霁,未知,李梦霁,¥13.20
如果历史是一群喵10・宋辽金夏篇,肥志,漫友文化出品,肥志编绘，漫友文化出品,¥29.90
钝感力（渡边淳一经典励志大作！央视新闻、《奇葩说》鼎力推荐，...,渡边淳一,李迎跃,渡边淳一著；李迎跃译;,¥14.40
许三观卖血记（余华温情幽默之作！一本写尽中国人“三观”的小说...,余华,新经典,余华著 ，新经典出品,¥40.70
遥远的救世主（天道原著王志文主演电视剧豆豆著 现当代经典长篇小...,豆豆,未知,豆豆,¥29.00
时代广场的蟋蟀：麦克米伦世纪大奖小说最新升级版,乔治・塞尔登,未知,[美]乔治・塞尔登,¥13.75
绿山墙的安妮 小学生课外阅读丛书,长江出版社,未知,长江出版社,¥8.00
蓦然回首（藤本树  LookBack）,藤本树,吴曦,[日]藤本树著吴曦译,¥30.00
如果历史是一群喵2・春秋战国篇,肥志,漫友文化出品,肥志编绘，漫友文化出品,¥29.90
中华人民共和国民法典（实用版）【注释实用 文本规范 解读详致 附...,中国法制出版社,未知,中国法制出版社,¥39.00
图解风水入门--最浅显的风水入门读本，即学即会的风水实战、布局...,李静,凤凰含章出品,李静凤凰含章出品,¥12.30
乡土中国（精装版 附赠书签）,费孝通,未知,费孝通,¥13.80
中国哲学简史：中国人学习中国哲学的入门书,冯友兰,赵复三,冯友兰著，赵复三译，文通天下出品,¥21.10
儿童健康讲记：一个中医眼中的儿童健康、心理与教育（李辛老师关...,李辛,未知,李辛著,¥28.80
暮色将尽(一份诙谐坦荡的老年手记),戴安娜・阿西尔,后浪,[英]戴安娜・阿西尔后浪,¥24.90
李敖回忆录（当当李敖大师珍藏版）,李敖,未知,李敖,¥16.72
暖房子・屁屁侦探系列（套装共7册）,Troll,禹田文化,文、图禹田文化出品,¥43.70
反逃避心理学：不畏惧不逃避 直面内心恐惧 抑制沮丧 自卑自责 反...,徐小雨,未知,徐小雨著,¥29.80
